field,value,records
initial_call_type,SICK,4475737
initial_call_type,INJURY,4219375
initial_call_type,EDP,2085119
initial_call_type,DIFFBR,2023542
initial_call_type,UNKNOW,1878536
initial_call_type,UNC,1710089
initial_call_type,DRUG,1709732
initial_call_type,ABDPN,1288265
initial_call_type,CARD,1242382
initial_call_type,MVAINJ,981232
initial_call_type,CARDBR,711465
initial_call_type,INJMAJ,618426
initial_call_type,OTHER,521840
initial_call_type,PEDSTR,516088
initial_call_type,STATEP,481513
initial_call_type,ALTMEN,438523
initial_call_type,RESPIR,432956
initial_call_type,ARREST,395852
initial_call_type,EDPC,383902
initial_call_type,SEIZR,320848
initial_call_type,ASTHMB,310649
initial_call_type,CVAC,290221
initial_call_type,INJMIN,256774
initial_call_type,INBLED,239064
initial_call_type,SICPED,207363
initial_call_type,SICMIN,191241
initial_call_type,OBLAB,174531
initial_call_type,ANAPH,152406
initial_call_type,CDBRFC,142335
initial_call_type,STAB,142286
initial_call_type,TRAUMA,126883
initial_call_type,CVA,117110
initial_call_type,DIFFFC,104701
initial_call_type,STNDBY,96007
initial_call_type,SICKFC,91626
initial_call_type,SHOT,85642
initial_call_type,OBCOMP,82625
initial_call_type,GYNHEM,72819
initial_call_type,HYPTN,72713
initial_call_type,OBMAJ,68940
initial_call_type,OBMIS,67956
initial_call_type,EDPM,65093
initial_call_type,ASTHMA,64410
initial_call_type,MEDRXN,49199
initial_call_type,CHOKE,47978
initial_call_type,PD13,42597
initial_call_type,INHALE,42165
initial_call_type,COLD,31448
initial_call_type,BURNMA,31011
initial_call_type,RESPFC,29437
initial_call_type,BURNMI,28853
initial_call_type,GYNMAJ,28763
initial_call_type,PD13C,28509
initial_call_type,ABDPFC,23367
initial_call_type,PEDFC,21295
initial_call_type,CARDFC,20363
initial_call_type,MVA,18223
initial_call_type,MCI21,18041
initial_call_type,JUMPDN,17794
initial_call_type,HEAT,17608
initial_call_type,MCI21P,17198
initial_call_type,ASTHFC,16715
initial_call_type,JUMPUP,15393
initial_call_type,RAPE,15205
initial_call_type,FIRE75,13238
initial_call_type,T-TEXT,11794
initial_call_type,DROWN,11563
initial_call_type,SICMFC,11532
initial_call_type,INJALS,9094
initial_call_type,ALTMFC,8990
initial_call_type,CHILDA,7990
initial_call_type,UNCFC,7662
initial_call_type,SAFE,7494
initial_call_type,AMPMIN,6936
initial_call_type,ANAPFC,6587
initial_call_type,ELECT,5493
initial_call_type,INBLFC,4508
initial_call_type,OBOUT,4470
initial_call_type,ARREFC,4281
initial_call_type,DRUGFC,4158
initial_call_type,STATFC,3823
initial_call_type,CVACFC,3634
initial_call_type,SICKRF,2903
initial_call_type,SPEVNT,2837
initial_call_type,RESCUE,2769
initial_call_type,STNDBM,2652
initial_call_type,EDPE,2383
initial_call_type,SEIZFC,1818
initial_call_type,T-UNC,1665
initial_call_type,CVAFC,1650
initial_call_type,EDPW,1208
initial_call_type,MCI77,1134
initial_call_type,STRANS,1088
initial_call_type,AMPMAJ,927
initial_call_type,ANAPRF,904
initial_call_type,MEDRFC,727
initial_call_type,PEDRF,706
initial_call_type,CDBRRF,678
initial_call_type,CHOKFC,667
initial_call_type,VENOM,664
initial_call_type,ACTIVE,616
initial_call_type,T-EDP,604
initial_call_type,T-UNKN,556
initial_call_type,T-INJ,534
initial_call_type,ASTHMC,504
initial_call_type,ABDPRF,391
initial_call_type,DIFFRF,371
initial_call_type,T-SHOT,356
initial_call_type,BURNHZ,350
initial_call_type,CARDRF,320
initial_call_type,MEDRRF,304
initial_call_type,MCI26P,272
initial_call_type,T-SICK,271
initial_call_type,EVAC,214
initial_call_type,EDPT,189
initial_call_type,ALTMRF,186
initial_call_type,MEDVAC,185
initial_call_type,T-TRMA,173
initial_call_type,DOA,157
initial_call_type,DRUGRF,149
initial_call_type,T-CARD,134
initial_call_type,INBLRF,130
initial_call_type,ACC,127
initial_call_type,MCI29P,124
initial_call_type,MCI76,124
initial_call_type,UNCRF,120
initial_call_type,T-DFBR,102
initial_call_type,FIRE77,101
initial_call_type,BURNHM,99
initial_call_type,T-ARST,84
initial_call_type,CVACRF,83
initial_call_type,SICKFT,77
initial_call_type,SICMRF,74
initial_call_type,STATRF,57
initial_call_type,CVARF,52
initial_call_type,MCI22P,51
initial_call_type,BBP,46
initial_call_type,MOSINJ,45
initial_call_type,RESPRF,45
initial_call_type,T-ABDP,38
initial_call_type,T-STAB,36
initial_call_type,FIRE76,36
initial_call_type,ASTHRF,35
initial_call_type,ARRERF,35
initial_call_type,T-ALTM,32
initial_call_type,SEIZRF,32
initial_call_type,COVINF,27
initial_call_type,MCI29,27
initial_call_type,MCI22,26
initial_call_type,ABDFC,25
initial_call_type,MCI80P,23
initial_call_type,T-CDBR,20
initial_call_type,T-OTHR,18
initial_call_type,CDBRFT,18
initial_call_type,T-OBST,18
initial_call_type,ADM,17
initial_call_type,DDOA,17
initial_call_type,MCI43P,17
initial_call_type,100A,14
initial_call_type,MOSILL,13
initial_call_type,T-ACTV,13
initial_call_type,T-STEP,13
initial_call_type,T-CVAC,13
initial_call_type,MCI32P,12
initial_call_type,T-ASTH,11
initial_call_type,ABDPFT,10
initial_call_type,MCI43,9
initial_call_type,MCI33P,9
initial_call_type,STUCK,8
initial_call_type,T-INBL,7
initial_call_type,DIFFFT,7
initial_call_type,INBLFT,7
initial_call_type,MCI26,6
initial_call_type,MCI59P,6
initial_call_type,MCI25P,5
initial_call_type,TRAUMS,5
initial_call_type,MECHE,5
initial_call_type,MVAINM,5
initial_call_type,MCI40P,5
initial_call_type,T-MVAI,5
initial_call_type,CARDFT,5
initial_call_type,UNCFT,5
initial_call_type,MCI32,4
initial_call_type,MCI59,4
initial_call_type,MCI31P,4
initial_call_type,SICMFT,4
initial_call_type,MCI24P,4
initial_call_type,DRUGFT,4
initial_call_type,CHOKRF,4
initial_call_type,ALTMFT,4
initial_call_type,MCI44P,3
initial_call_type,MCI23P,3
initial_call_type,MCI25,3
initial_call_type,NOVEH,3
initial_call_type,MCI80,3
initial_call_type,MCI34P,3
initial_call_type,RESPFT,3
initial_call_type,RADIO,3
initial_call_type,PEDSTS,3
initial_call_type,MCI40,2
initial_call_type,DRILL,2
initial_call_type,CVACFT,2
initial_call_type,MCI30,2
initial_call_type,MCI50P,2
initial_call_type,ARREFT,2
initial_call_type,TEST,2
initial_call_type,MCI28P,2
initial_call_type,PEDFT,2
initial_call_type,STBYRS,1
initial_call_type,MEDRFT,1
initial_call_type,SEIZFT,1
initial_call_type,MCI34,1
initial_call_type,MCI42P,1
initial_call_type,MCI48P,1
initial_call_type,MCI50,1
initial_call_type,ASTHFT,1
initial_call_type,ANAPFT,1
initial_call_type,MECHV,1
initial_call_type,MCI57,1
initial_call_type,STATFT,1
initial_severity_level_code,2,6264044
initial_severity_level_code,4,6083347
initial_severity_level_code,5,5749859
initial_severity_level_code,6,4705170
initial_severity_level_code,3,3952262
initial_severity_level_code,7,3081516
initial_severity_level_code,1,450157
initial_severity_level_code,8,103076
initial_severity_level_code,9,335
initial_severity_level_code,0,1
final_call_type,SICK,4422570
final_call_type,INJURY,4093920
final_call_type,DIFFBR,2082618
final_call_type,DRUG,1858597
final_call_type,EDP,1758212
final_call_type,UNC,1726148
final_call_type,UNKNOW,1575681
final_call_type,CARD,1384212
final_call_type,ABDPN,1291648
final_call_type,MVAINJ,953304
final_call_type,CARDBR,727753
final_call_type,INJMAJ,700821
final_call_type,ALTMEN,569009
final_call_type,ARREST,543060
final_call_type,PEDSTR,517980
final_call_type,STATEP,516959
final_call_type,EDPC,504114
final_call_type,OTHER,429834
final_call_type,RESPIR,395008
final_call_type,ASTHMB,298708
final_call_type,SEIZR,298545
final_call_type,INJMIN,265633
final_call_type,CVAC,264208
final_call_type,INBLED,256630
final_call_type,SICPED,209533
final_call_type,SICMIN,179308
final_call_type,OBLAB,169439
final_call_type,ANAPH,158174
final_call_type,TRAUMA,144356
final_call_type,STAB,143451
final_call_type,CDBRFC,142852
final_call_type,EDPM,129241
final_call_type,CVA,105912
final_call_type,DIFFFC,101318
final_call_type,SICKFC,91466
final_call_type,OBCOMP,88618
final_call_type,STNDBY,86482
final_call_type,SHOT,83034
final_call_type,GYNHEM,74082
final_call_type,OBMAJ,72946
final_call_type,OBMIS,67952
final_call_type,HYPTN,66933
final_call_type,ASTHMA,65587
final_call_type,CHOKE,50053
final_call_type,MEDRXN,48412
final_call_type,INHALE,43534
final_call_type,PD13,40137
final_call_type,BURNMA,34309
final_call_type,COLD,33404
final_call_type,MCI21P,30150
final_call_type,GYNMAJ,29169
final_call_type,BURNMI,27574
final_call_type,PD13C,26597
final_call_type,RESPFC,25166
final_call_type,ABDPFC,24084
final_call_type,PEDFC,22034
final_call_type,CARDFC,20118
final_call_type,JUMPUP,18008
final_call_type,JUMPDN,17718
final_call_type,HEAT,17688
final_call_type,MCI21,16195
final_call_type,ASTHFC,15989
final_call_type,RAPE,15732
final_call_type,MVA,15047
final_call_type,EDPT,12583
final_call_type,DROWN,11504
final_call_type,SICMFC,10827
final_call_type,INJALS,10371
final_call_type,ALTMFC,9113
final_call_type,CHILDA,8565
final_call_type,OBOUT,8165
final_call_type,SAFE,8067
final_call_type,AMPMIN,7773
final_call_type,UNCFC,7330
final_call_type,ELECT,6995
final_call_type,ANAPFC,6515
final_call_type,EDPE,5741
final_call_type,DRUGFC,4931
final_call_type,ARREFC,4868
final_call_type,INBLFC,4685
final_call_type,MCI43,4321
final_call_type,STATFC,4046
final_call_type,T-EDP,3626
final_call_type,MCI32P,3579
final_call_type,SICKRF,3033
final_call_type,SPEVNT,2983
final_call_type,CVACFC,2947
final_call_type,RESCUE,2705
final_call_type,STNDBM,2623
final_call_type,MCI43P,2549
final_call_type,T-TEXT,2411
final_call_type,MCI22P,2020
final_call_type,T-UNKN,1977
final_call_type,MCI77,1821
final_call_type,T-INJ,1775
final_call_type,T-UNC,1772
final_call_type,SEIZFC,1766
final_call_type,MCI29P,1402
final_call_type,T-SICK,1386
final_call_type,CVAFC,1339
final_call_type,FIRE75,1198
final_call_type,MCI80P,1168
final_call_type,STRANS,1163
final_call_type,AMPMAJ,1132
final_call_type,MCI22,1128
final_call_type,MCI32,935
final_call_type,ANAPRF,929
final_call_type,MCI26P,797
final_call_type,PEDRF,759
final_call_type,MEDRFC,712
final_call_type,VENOM,710
final_call_type,CDBRRF,680
final_call_type,CHOKFC,638
final_call_type,T-DFBR,580
final_call_type,ASTHMC,520
final_call_type,T-ARST,488
final_call_type,ACTIVE,455
final_call_type,BURNHZ,445
final_call_type,ABDPRF,416
final_call_type,T-SHOT,416
final_call_type,MCI23P,411
final_call_type,DIFFRF,404
final_call_type,MCI80,340
final_call_type,EDPW,339
final_call_type,DOAU,335
final_call_type,T-TRMA,317
final_call_type,MCI59P,308
final_call_type,CARDRF,299
final_call_type,MEDRRF,295
final_call_type,MCI23,290
final_call_type,MCI59,286
final_call_type,T-CARD,285
final_call_type,DOA,241
final_call_type,T-ABDP,237
final_call_type,MEDVAC,229
final_call_type,T-STAB,229
final_call_type,T-ALTM,223
final_call_type,MCI33P,217
final_call_type,EVAC,216
final_call_type,MCI29,214
final_call_type,T-CDBR,199
final_call_type,DRUGRF,196
final_call_type,ALTMRF,185
final_call_type,MCI76,174
final_call_type,INBLRF,134
final_call_type,MCI34P,132
final_call_type,MCI35P,132
final_call_type,MCI24P,130
final_call_type,MCI34,127
final_call_type,UNCRF,126
final_call_type,T-OBST,116
final_call_type,T-STEP,105
final_call_type,T-OTHR,101
final_call_type,MCI24,100
final_call_type,BURNHM,96
final_call_type,MCI25P,82
final_call_type,CVACRF,75
final_call_type,MCI33,75
final_call_type,MCI25,73
final_call_type,SICMRF,69
final_call_type,STATRF,69
final_call_type,T-ASTH,68
final_call_type,MCI31P,66
final_call_type,SICKFT,63
final_call_type,T-CVAC,63
final_call_type,MCI38P,62
final_call_type,MCI35,61
final_call_type,MCI48P,60
final_call_type,T-MVAI,47
final_call_type,RESPRF,45
final_call_type,T-INBL,43
final_call_type,MCI30P,42
final_call_type,CVARF,39
final_call_type,MCI38,36
final_call_type,ASTHRF,36
final_call_type,MCI42P,33
final_call_type,ARRERF,32
final_call_type,SEIZRF,32
final_call_type,MCI40P,30
final_call_type,MCI42,28
final_call_type,MCI44P,27
final_call_type,MCI28P,26
final_call_type,ABDFC,26
final_call_type,COVINF,25
final_call_type,CDBRFT,19
final_call_type,MCI27P,19
final_call_type,T-ACTV,12
final_call_type,MCI31,12
final_call_type,CARDFT,11
final_call_type,DIFFFT,10
final_call_type,MCI44,10
final_call_type,MCI40,10
final_call_type,MVAINM,9
final_call_type,ABDPFT,9
final_call_type,MCI50P,7
final_call_type,INBLFT,7
final_call_type,UNCFT,7
final_call_type,MCI50,6
final_call_type,MCI28,5
final_call_type,DRUGFT,5
final_call_type,PEDSTS,4
final_call_type,MVAINS,4
final_call_type,ALTMFT,4
final_call_type,FIRE77,4
final_call_type,PEDFT,3
final_call_type,CHOKRF,3
final_call_type,MCI26,3
final_call_type,RESPFT,3
final_call_type,ARREFT,3
final_call_type,MCI57,2
final_call_type,TRAUMS,2
final_call_type,ANAPFT,2
final_call_type,MCI39P,2
final_call_type,ASTHFT,2
final_call_type,SICMFT,1
final_call_type,SEIZFT,1
final_call_type,MCI27,1
final_call_type,ALMNFC,1
final_call_type,MCI36,1
final_call_type,STATFT,1
final_call_type,MCI30,1
final_call_type,MCI58P,1
final_call_type,CVACFT,1
final_call_type,ARSTFC,1
final_severity_level_code,2,6438833
final_severity_level_code,4,5888725
final_severity_level_code,5,5641360
final_severity_level_code,6,4541363
final_severity_level_code,3,4272829
final_severity_level_code,7,2913898
final_severity_level_code,1,599499
final_severity_level_code,8,93260
valid_dispatch_rspns_time_indc,Y,30147642
valid_dispatch_rspns_time_indc,N,242125
valid_incident_rspns_time_indc,Y,29260931
valid_incident_rspns_time_indc,N,1128836
held_indicator,N,27733561
held_indicator,Y,2656206
incident_disposition_code,82,20612831
incident_disposition_code,93,3991863
incident_disposition_code,90,2709190
incident_disposition_code,96,1057191
incident_disposition_code,87,912242
incident_disposition_code,91,551158
incident_disposition_code,CANCEL,273864
incident_disposition_code,83,236851
incident_disposition_code,94,33049
incident_disposition_code,ZZZZZZ,4730
incident_disposition_code,95,3030
incident_disposition_code,NOTSNT,2422
incident_disposition_code,TELC,877
incident_disposition_code,92,387
incident_disposition_code,86,49
incident_disposition_code,,25
incident_disposition_code,82B,6
incident_disposition_code,82A,2
borough,BROOKLYN,8614588
borough,MANHATTAN,7471621
borough,BRONX,7068231
borough,QUEENS,5967030
borough,RICHMOND / STATEN ISLAND,1268078
borough,UNKNOWN,219
incident_dispatch_area,B2,2151303
incident_dispatch_area,K4,2101766
incident_dispatch_area,B1,1718263
incident_dispatch_area,Q6,1685521
incident_dispatch_area,Q2,1537353
incident_dispatch_area,M3,1401445
incident_dispatch_area,B3,1399131
incident_dispatch_area,M2,1327881
incident_dispatch_area,K7,1288874
incident_dispatch_area,K1,1275023
incident_dispatch_area,K2,1107445
incident_dispatch_area,K6,1045240
incident_dispatch_area,B5,967477
incident_dispatch_area,K3,957005
incident_dispatch_area,M7,897225
incident_dispatch_area,M1,880353
incident_dispatch_area,M9,872690
incident_dispatch_area,K5,842327
incident_dispatch_area,B4,829617
incident_dispatch_area,M5,788200
incident_dispatch_area,Q3,701738
incident_dispatch_area,Q7,684765
incident_dispatch_area,S1,630227
incident_dispatch_area,M4,600716
incident_dispatch_area,Q4,587350
incident_dispatch_area,S2,474251
incident_dispatch_area,Q1,434935
incident_dispatch_area,M8,427298
incident_dispatch_area,Q5,339563
incident_dispatch_area,M6,264327
incident_dispatch_area,S3,163552
incident_dispatch_area,CW,3310
incident_dispatch_area,X1,3039
incident_dispatch_area,X2,516
incident_dispatch_area,X3,13
incident_dispatch_area,X4,12
incident_dispatch_area,X5,5
incident_dispatch_area,PD,4
incident_dispatch_area,BO,2
incident_dispatch_area,T2,1
incident_dispatch_area,MO,1
incident_dispatch_area,C1,1
incident_dispatch_area,T1,1
incident_dispatch_area,C2,1
reopen_indicator,N,30145498
reopen_indicator,Y,244269
special_event_indicator,N,30386784
special_event_indicator,Y,2983
standby_indicator,N,30303285
standby_indicator,Y,86482
transfer_indicator,N,30388782
transfer_indicator,Y,985
