field,display_name,data_type,records,non_null,missing_null,distinct_if_profiled,description
incident_id,INCIDENT_ID,text,30389767,30389767,0,30389767,
incident_datetime,INCIDENT_DATETIME,calendar_date,30389767,30389767,0,,
initial_call_type,INITIAL_CALL_TYPE,text,30389767,30389767,0,220,
initial_severity_level_code,INITIAL_SEVERITY_LEVEL_CODE,text,30389767,30389767,0,10,
final_call_type,FINAL_CALL_TYPE,text,30389767,30389767,0,,
final_severity_level_code,FINAL_SEVERITY_LEVEL_CODE,text,30389767,30389767,0,,
first_assignment_datetime,FIRST_ASSIGNMENT_DATETIME,calendar_date,30389767,30152705,237062,,
valid_dispatch_rspns_time_indc,VALID_DISPATCH_RSPNS_TIME_INDC,text,30389767,30389767,0,,
dispatch_response_seconds_qy,DISPATCH_RESPONSE_SECONDS_QY,number,30389767,30389767,0,,
first_activation_datetime,FIRST_ACTIVATION_DATETIME,calendar_date,30389767,30077471,312296,,
first_on_scene_datetime,FIRST_ON_SCENE_DATETIME,calendar_date,30389767,29266919,1122848,,
valid_incident_rspns_time_indc,VALID_INCIDENT_RSPNS_TIME_INDC,text,30389767,30389767,0,,
incident_response_seconds_qy,INCIDENT_RESPONSE_SECONDS_QY,number,30389767,29260931,1128836,,
incident_travel_tm_seconds_qy,INCIDENT_TRAVEL_TM_SECONDS_QY,number,30389767,29266463,1123304,,
first_to_hosp_datetime,FIRST_TO_HOSP_DATETIME,calendar_date,30389767,20590452,9799315,,
first_hosp_arrival_datetime,FIRST_HOSP_ARRIVAL_DATETIME,calendar_date,30389767,20418455,9971312,,
incident_close_datetime,INCIDENT_CLOSE_DATETIME,calendar_date,30389767,30379768,9999,,
held_indicator,HELD_INDICATOR,text,30389767,30389767,0,,
incident_disposition_code,INCIDENT_DISPOSITION_CODE,text,30389767,30389742,25,,
borough,BOROUGH,text,30389767,30389767,0,,
incident_dispatch_area,INCIDENT_DISPATCH_AREA,text,30389767,30389767,0,,
zipcode,ZIPCODE,text,30389767,29788738,601029,,
policeprecinct,POLICEPRECINCT,number,30389767,29789793,599974,,
citycouncildistrict,CITYCOUNCILDISTRICT,number,30389767,29789793,599974,,
communitydistrict,COMMUNITYDISTRICT,number,30389767,29789698,600069,,
communityschooldistrict,COMMUNITYSCHOOLDISTRICT,number,30389767,29775425,614342,,
congressionaldistrict,CONGRESSIONALDISTRICT,number,30389767,29789793,599974,,
reopen_indicator,REOPEN_INDICATOR,text,30389767,30389767,0,,
special_event_indicator,SPECIAL_EVENT_INDICATOR,text,30389767,30389767,0,,
standby_indicator,STANDBY_INDICATOR,text,30389767,30389767,0,,
transfer_indicator,TRANSFER_INDICATOR,text,30389767,30389767,0,,
