year,month,records
2005,1,95723
2005,2,84226
2005,3,93785
2005,4,92880
2005,5,97294
2005,6,99796
2005,7,101327
2005,8,98700
2005,9,94565
2005,10,94963
2005,11,91746
2005,12,95844
2006,1,96638
2006,2,86452
2006,3,96830
2006,4,93158
2006,5,101925
2006,6,100653
2006,7,104319
2006,8,101669
2006,9,95208
2006,10,96215
2006,11,93682
2006,12,97832
2007,1,96722
2007,2,89605
2007,3,102105
2007,4,95277
2007,5,105181
2007,6,101829
2007,7,102188
2007,8,101375
2007,9,99862
2007,10,102006
2007,11,94743
2007,12,99075
2008,1,99424
2008,2,97223
2008,3,99856
2008,4,97351
2008,5,104879
2008,6,108352
2008,7,108529
2008,8,103185
2008,9,100543
2008,10,99852
2008,11,94655
2008,12,101846
2009,1,101081
2009,2,89831
2009,3,101601
2009,4,100945
2009,5,114700
2009,6,108647
2009,7,107791
2009,8,107561
2009,9,101362
2009,10,103504
2009,11,98318
2009,12,101939
2010,1,101401
2010,2,90503
2010,3,102612
2010,4,101183
2010,5,110718
2010,6,110456
2010,7,114273
2010,8,107524
2010,9,106697
2010,10,106826
2010,11,100026
2010,12,110272
2011,1,105977
2011,2,92546
2011,3,102640
2011,4,98230
2011,5,109962
2011,6,108848
2011,7,114673
2011,8,107804
2011,9,105724
2011,10,104266
2011,11,101290
2011,12,105122
2012,1,103072
2012,2,96581
2012,3,109231
2012,4,104845
2012,5,113468
2012,6,112438
2012,7,115178
2012,8,112745
2012,9,106071
2012,10,109666
2012,11,104718
2012,12,112160
2013,1,112944
2013,2,95705
2013,3,105453
2013,4,105324
2013,5,115745
2013,6,115670
2013,7,118319
2013,8,111730
2013,9,106813
2013,10,110031
2013,11,102936
2013,12,109739
2014,1,111615
2014,2,98286
2014,3,112365
2014,4,109897
2014,5,116990
2014,6,115164
2014,7,116363
2014,8,115995
2014,9,115940
2014,10,118433
2014,11,107320
2014,12,115138
2015,1,117680
2015,2,104500
2015,3,116376
2015,4,115598
2015,5,128131
2015,6,124800
2015,7,130800
2015,8,128401
2015,9,120721
2015,10,120169
2015,11,111943
2015,12,116987
2016,1,118651
2016,2,112100
2016,3,122740
2016,4,116288
2016,5,122558
2016,6,121509
2016,7,126225
2016,8,125174
2016,9,118981
2016,10,119633
2016,11,113482
2016,12,123870
2017,1,123619
2017,2,107539
2017,3,118078
2017,4,118219
2017,5,127434
2017,6,126848
2017,7,126199
2017,8,123814
2017,9,123122
2017,10,125707
2017,11,118573
2017,12,124294
2018,1,132237
2018,2,116584
2018,3,121990
2018,4,120312
2018,5,134977
2018,6,132127
2018,7,133366
2018,8,133494
2018,9,126939
2018,10,131566
2018,11,121233
2018,12,126097
2019,1,124768
2019,2,112113
2019,3,126038
2019,4,123042
2019,5,133742
2019,6,133395
2019,7,137885
2019,8,131991
2019,9,128418
2019,10,128919
2019,11,121808
2019,12,131132
2020,1,132892
2020,2,120860
2020,3,149871
2020,4,126884
2020,5,103511
2020,6,107928
2020,7,116414
2020,8,114879
2020,9,109552
2020,10,110002
2020,11,107555
2020,12,112353
2021,1,113439
2021,2,108637
2021,3,121697
2021,4,119647
2021,5,125586
2021,6,128289
2021,7,131297
2021,8,131939
2021,9,127037
2021,10,130270
2021,11,120301
2021,12,133315
2022,1,128830
2022,2,108436
2022,3,124116
2022,4,121762
2022,5,137779
2022,6,136873
2022,7,144325
2022,8,139057
2022,9,131996
2022,10,136095
2022,11,134042
2022,12,140220
2023,1,129859
2023,2,117163
2023,3,130584
2023,4,127999
2023,5,140495
2023,6,137081
2023,7,142899
2023,8,139976
2023,9,136764
2023,10,141460
2023,11,130693
2023,12,142866
2024,1,137245
2024,2,124474
2024,3,132385
2024,4,129362
2024,5,144021
2024,6,142307
2024,7,143517
2024,8,136708
2024,9,133904
2024,10,138914
2024,11,129216
2024,12,138394
2025,1,137643
2025,2,119980
2025,3,132236
2025,4,131781
2025,5,137890
2025,6,139802
2025,7,141900
2025,8,135610
2025,9,135729
2025,10,132137
2025,11,126695
2025,12,140870
2026,1,131984
2026,2,123491
2026,3,131466
2026,4,128922
2026,5,138649
2026,6,138427
2026,7,140853
2026,8,137439
2026,9,133321
